"reportFile","baud","tx","rx","expectedBytes","expectedFrames","visible","burst","rawReceiver","deferredVerification","senderChunkBytes","stableTimersRequested","pass","receivedBytes","validFrames","missingFrames","corruptFrames","duplicateFrames","outOfOrderFrames","hashMatches","sendWallMs","drainWallMs","throughputBytesPerSecond","cpuOneCorePercent","eventLoopTickP95Ms","eventLoopTickMaxMs","coreHighWaterBytes","pumpOverloadCount","receiveErrors","maxSendChunkBytes","maxSendGapMs","sendsAboveDriverQueue"
"build/serial-stress-results/matrix/1000000-COM1-COM2-hidden-paced-8388608.json","1000000","COM1","COM2","8388608","65536","False","False",,,,,"True","8388608","65536","0","0","0","0","True","83887.4167","83890.9609","99994.18185231443","39.93278851571719","16.1063","26.1772","2048","0","",,,
"build/serial-stress-results/matrix/1000000-COM1-COM2-visible-paced-1048576.json","1000000","COM1","COM2","1048576","8192","True","False",,,,,"True","1048576","8192","0","0","0","0","True","10486.3418","10490.086","99958.76106258805","38.42914157233792","10.8637","13.5692","512","0","",,,
"build/serial-stress-results/matrix/1000000-COM1-COM2-visible-paced-65536.json","1000000","COM1","COM2","65536","512","True","False",,,,,"True","65536","512","0","0","0","0","True","657.1514","670.3059","97770.28667060815","44.28948037008178","11.5131","12.7854","512","0","",,,
"build/serial-stress-results/matrix/1000000-COM1-COM2-visible-paced-8388608.json","1000000","COM1","COM2","8388608","65536","True","False",,,,,"True","8388608","65536","0","0","0","0","True","83886.5879","83914.7183","99965.8721371171","37.79879220544318","16.9509","28.9981","2560","0","",,,
"build/serial-stress-results/matrix/1000000-COM2-COM1-hidden-paced-8388608.json","1000000","COM2","COM1","8388608","65536","False","False",,,,,"True","8388608","65536","0","0","0","0","True","83886.8933","83900.1538","99983.22553730528","45.459541219577595","10.4937","11.8125","512","0","",,,
"build/serial-stress-results/matrix/1000000-COM2-COM1-visible-paced-1048576.json","1000000","COM2","COM1","1048576","8192","True","False",,,,,"True","1048576","8192","0","0","0","0","True","10486.4786","10490.9912","99950.13626548462","40.51094809802147","12.1863","13.5008","640","0","",,,
"build/serial-stress-results/matrix/1000000-COM2-COM1-visible-paced-65536.json","1000000","COM2","COM1","65536","512","True","False",,,,,"True","65536","512","0","0","0","0","True","656.2074","661.6114","99055.12510818284","33.06321505342864","11.791","12.5755","512","0","",,,
"build/serial-stress-results/matrix/1000000-COM2-COM1-visible-paced-8388608.json","1000000","COM2","COM1","8388608","65536","True","False",,,,,"True","8388608","65536","0","0","0","0","True","83887.4816","83906.4985","99975.66517449182","37.132106043014055","17.1171","38.6236","3712","0","",,,
"build/serial-stress-results/matrix/3000000-COM1-COM2-hidden-paced-8388608.json","3000000","COM1","COM2","8388608","65536","False","False",,,,,"True","8388608","65536","0","0","0","0","True","27962.6098","27969.6172","299918.5845131981","49.10462271181888","10.4464","11.5692","2304","0","",,,
"build/serial-stress-results/matrix/3000000-COM1-COM2-visible-paced-1048576.json","3000000","COM1","COM2","1048576","8192","True","False",,,,,"True","1048576","8192","0","0","0","0","True","3496.2094","3512.4797","298528.7003936279","48.04298228399726","11.4509","13.0972","1280","0","",,,
"build/serial-stress-results/matrix/3000000-COM1-COM2-visible-paced-65536.json","3000000","COM1","COM2","65536","512","True","False",,,,,"True","65536","512","0","0","0","0","True","218.9875","230.6864","284091.3031717518","20.319793451196084","10.6234","11.1089","1152","0","",,,
"build/serial-stress-results/matrix/3000000-COM1-COM2-visible-paced-8388608.json","3000000","COM1","COM2","8388608","65536","True","False",,,,,"True","8388608","65536","0","0","0","0","True","27964.0626","27969.9684","299914.8186381219","44.97010801056178","10.7021","12.9993","1408","0","",,,
"build/serial-stress-results/matrix/3000000-COM2-COM1-hidden-paced-8388608.json","3000000","COM2","COM1","8388608","65536","False","False",,,,,"True","8388608","65536","0","0","0","0","True","27963.6884","27969.4708","299920.1543706004","43.40670256800139","10.3805","11.2587","768","0","",,,
"build/serial-stress-results/matrix/3000000-COM2-COM1-visible-paced-1048576.json","3000000","COM2","COM1","1048576","8192","True","False",,,,,"True","1048576","8192","0","0","0","0","True","3495.5055","3510.1263","298728.85200740496","40.06266099313862","11.8919","13.1791","1280","0","",,,
"build/serial-stress-results/matrix/3000000-COM2-COM1-visible-paced-65536.json","3000000","COM2","COM1","65536","512","True","False",,,,,"True","65536","512","0","0","0","0","True","219.6467","230.8202","283926.6234064436","40.61602927300124","10.5079","11.1059","1280","0","",,,
"build/serial-stress-results/matrix/3000000-COM2-COM1-visible-paced-8388608.json","3000000","COM2","COM1","8388608","65536","True","False",,,,,"True","8388608","65536","0","0","0","0","True","27962.129","27970.5328","299908.7668433688","40.27676226460727","11.5924","13.4191","1664","0","",,,
"build/serial-stress-results/matrix/5000000-COM1-COM2-hidden-paced-8388608.json","5000000","COM1","COM2","8388608","65536","False","False",,,,,"True","8388608","65536","0","0","0","0","True","16777.5537","16780.9701","499888.14413059474","41.15524882557297","10.3771","10.8678","1920","0","",,,
"build/serial-stress-results/matrix/5000000-COM1-COM2-visible-paced-1048576.json","5000000","COM1","COM2","1048576","8192","True","False",,,,,"True","1048576","8192","0","0","0","0","True","2098.3321","2100.6547","499166.283730496","52.06710079481411","10.7455","12.6303","2048","0","",,,
"build/serial-stress-results/matrix/5000000-COM1-COM2-visible-paced-65536.json","5000000","COM1","COM2","65536","512","True","False",,,,,"True","65536","512","0","0","0","0","True","131.1631","141.9877","461561.1070536392","66.0268459873637","11.6128","11.7961","2304","0","",,,
"build/serial-stress-results/matrix/5000000-COM1-COM2-visible-paced-8388608.json","5000000","COM1","COM2","8388608","65536","True","False",,,,,"True","8388608","65536","0","0","0","0","True","16778.5498","16790.9389","499591.35995664896","46.80723958801374","11.3279","12.8196","2304","0","",,,
"build/serial-stress-results/matrix/5000000-COM2-COM1-hidden-paced-8388608.json","5000000","COM2","COM1","8388608","65536","False","False",,,,,"True","8388608","65536","0","0","0","0","True","16778.4735","16780.5394","499900.9745777302","44.69463001886578","10.3874","11.1799","1280","0","",,,
"build/serial-stress-results/matrix/5000000-COM2-COM1-visible-paced-1048576.json","5000000","COM2","COM1","1048576","8192","True","False",,,,,"True","1048576","8192","0","0","0","0","True","2097.9485","2100.6262","499173.05611060164","48.34867812274263","10.3899","11.6422","2048","0","",,,
"build/serial-stress-results/matrix/5000000-COM2-COM1-visible-paced-65536.json","5000000","COM2","COM1","65536","512","True","False",,,,,"True","65536","512","0","0","0","0","True","132.7137","141.7393","462369.99900521594","44.095039272805785","10.7316","11.35","1152","0","",,,
"build/serial-stress-results/matrix/5000000-COM2-COM1-visible-paced-8388608.json","5000000","COM2","COM1","8388608","65536","True","False",,,,,"True","8388608","65536","0","0","0","0","True","16778.0211","16791.9785","499560.4299993595","42.80317533755775","11.4845","12.9037","2048","0","",,,
"build/serial-stress-results/matrix/8000000-COM1-COM2-hidden-paced-8388608.json","8000000","COM1","COM2","8388608","65536","False","False",,,,,"True","8388608","65536","0","0","0","0","True","10487.1967","10491.0339","799597.8356337214","49.000175283009995","10.3633","10.9588","3072","0","",,,
"build/serial-stress-results/matrix/8000000-COM1-COM2-visible-burst.json","8000000","COM1","COM2","67108864","524288","True","True",,,,,"False","15298560","119520","404768","0","0","0","False","5254.3729","7260.7942","2107009.175387453","101.3577137332993","11.9363","13.3157","8192","0","",,,
"build/serial-stress-results/matrix/8000000-COM1-COM2-visible-paced-1048576.json","8000000","COM1","COM2","1048576","8192","True","False",,,,,"True","1048576","8192","0","0","0","0","True","1311.4181","1320.472","794091.8095953568","46.148271224228914","10.5017","11.3786","3328","0","",,,
"build/serial-stress-results/matrix/8000000-COM1-COM2-visible-paced-65536.json","8000000","COM1","COM2","65536","512","True","False",,,,,"True","65536","512","0","0","0","0","True","83.0217","90.2198","726403.7384254897","34.637629433893665","10.3518","12.3453","4096","0","",,,
"build/serial-stress-results/matrix/8000000-COM1-COM2-visible-paced-67108864.json","8000000","COM1","COM2","67108864","524288","True","False","False","False","16384",,"False","35966592","280989","243299","0","0","0","False","83894.5427","85920.5373","418602.9688620209","64.48545567929078","19.1935","32.8124","8576","0","",,,
"build/serial-stress-results/matrix/8000000-COM1-COM2-visible-paced-8388608.json","8000000","COM1","COM2","8388608","65536","True","False",,,,,"True","8388608","65536","0","0","0","0","True","10487.5529","10491.5218","799560.6509629518","52.125421881123096","11.1288","12.5948","3840","0","",,,
"build/serial-stress-results/matrix/8000000-COM2-COM1-hidden-paced-8388608.json","8000000","COM2","COM1","8388608","65536","False","False",,,,,"True","8388608","65536","0","0","0","0","True","10486.1434","10490.3217","799652.1212500089","39.61985264951407","10.3785","11.4782","2176","0","",,,
"build/serial-stress-results/matrix/8000000-COM2-COM1-visible-burst.json","8000000","COM2","COM1","67108864","524288","True","True",,,,,"False","15413248","120416","403872","0","0","0","False","5251.0816","7270.9244","2119847.0994967297","101.86118837929328","11.8554","13.6664","8192","0","",,,
"build/serial-stress-results/matrix/8000000-COM2-COM1-visible-paced-1048576.json","8000000","COM2","COM1","1048576","8192","True","False",,,,,"True","1048576","8192","0","0","0","0","True","1310.783","1320.5006","794074.6107953301","49.69706185669283","10.7472","11.309","3328","0","",,,
"build/serial-stress-results/matrix/8000000-COM2-COM1-visible-paced-65536.json","8000000","COM2","COM1","65536","512","True","False",,,,,"True","65536","512","0","0","0","0","True","82.6773","89.7463","730236.2325800618","52.23056549406493","10.0447","10.1727","2816","0","",,,
"build/serial-stress-results/matrix/8000000-COM2-COM1-visible-paced-67108864.json","8000000","COM2","COM1","67108864","524288","True","False","False","False","16384",,"False","36785408","287386","236902","0","0","0","False","83894.4101","85924.154","428114.8697722413","66.99222200081249","18.7012","32.0507","8704","0","",,,
"build/serial-stress-results/matrix/8000000-COM2-COM1-visible-paced-8388608.json","8000000","COM2","COM1","8388608","65536","True","False",,,,,"True","8388608","65536","0","0","0","0","True","10486.5501","10499.5948","798945.879320981","52.82941966484268","11.1358","12.5288","3456","0","",,,
"build/serial-stress-results/controls/8000000-COM1-COM2-raw-deferred-burst-67108864.json","8000000","COM1","COM2","67108864","524288","False","True","True","True",,,"False","16777216","131072","393216","0","0","0","False","5217.4298","7231.1878","2320118.971325845","74.11472566097648","11.3179","12.2975","0","0","",,,
"build/serial-stress-results/controls/8000000-COM1-COM2-visible-deferred-burst-67108864.json","8000000","COM1","COM2","67108864","524288","True","True","False","True",,,"False","15425536","120512","403776","0","0","0","False","5236.8988","7250.0099","2127657.2325783996","96.33607534797987","11.6981","13.8539","8192","0","",,,
"build/serial-stress-results/controls/8000000-COM2-COM1-raw-deferred-burst-67108864.json","8000000","COM2","COM1","67108864","524288","False","True","True","True",,,"False","16777216","131072","393216","0","0","0","False","5881.8347","7896.5503","2124625.9901618054","76.97190252812041","18.6536","26.0989","0","0","",,,
"build/serial-stress-results/controls/8000000-COM2-COM1-visible-deferred-burst-67108864.json","8000000","COM2","COM1","67108864","524288","True","True","False","True",,,"False","14114816","110272","414016","0","0","0","False","5912.4268","7920.6312","1782031.7148461603","101.79112997964101","18.7995","29.1729","8192","0","",,,
"build/serial-stress-results/block-controls/8000000-COM1-COM2-raw-deferred-burst-8388608-chunk4096.json","8000000","COM1","COM2","8388608","65536","False","True","True","True","4096",,"False","8372224","65408","128","0","0","0","False","690.2299","2710.4206","3088902.143084361","32.28281249043045","10.943","13.1004","0","0","",,,
"build/serial-stress-results/block-controls/8000000-COM1-COM2-visible-deferred-burst-8388608-chunk4096.json","8000000","COM1","COM2","8388608","65536","True","True","False","True","4096",,"False","6471680","50560","14976","0","0","0","False","685.3805","2700.079","2396848.3885101136","45.7162549688361","11.0543","14.5754","8192","0","",,,
"build/serial-stress-results/block-controls/8000000-COM2-COM1-raw-deferred-burst-8388608-chunk4096.json","8000000","COM2","COM1","8388608","65536","False","True","True","True","4096",,"False","8372224","65408","128","0","0","0","False","684.046","2690.5177","3111752.061694298","27.294932867380876","10.8388","13.2685","0","0","",,,
"build/serial-stress-results/block-controls/8000000-COM2-COM1-visible-deferred-burst-8388608-chunk4096.json","8000000","COM2","COM1","8388608","65536","True","True","False","True","4096",,"False","5963776","46592","18944","0","0","0","False","693.075","2710.2491","2200453.087504023","42.66213020788384","11.0123","12.6479","8192","0","",,,
"build/serial-stress-results/timing-controls/8000000-COM1-COM2-raw-paced-67108864.json","8000000","COM1","COM2","67108864","524288","False","False","True","True","16384","False","False","41166720","321615","202673","0","0","0","False","83900.7788","85935.249","479043.4714397581","31.164452668310766","18.4647","36.4584","0","0","","16384","28.9132","4861"
"build/serial-stress-results/timing-controls/8000000-COM1-COM2-raw-stable-paced-67108864.json","8000000","COM1","COM2","67108864","524288","False","False","True","True","16384","True","True","67108864","524288","0","0","0","0","True","83886.4348","83890.6433","799956.483347172","24.958087310316287","10.7192","11.8418","0","0","","2432","3.0636","0"
"build/serial-stress-results/timing-controls/8000000-COM1-COM2-visible-paced-67108864.json","8000000","COM1","COM2","67108864","524288","True","False","False","False","16384","True","False","56296704","439818","84470","0","0","0","False","83887.2296","85910.354","655295.9146228171","45.34159526336022","16.74","47.495","5632","0","","2176","3.7279","0"
"build/serial-stress-results/timing-controls/8000000-COM1-COM2-visible-stable-deferred-paced-67108864.json","8000000","COM1","COM2","67108864","524288","True","False","False","True","16384","True","False","31746816","248022","276266","0","0","0","False","83888.1161","85911.3277","369530.03579294006","56.035247375184035","17.2658","33.4578","6016","0","","2432","3.4797","0"
